month,n,bias,rmse,r2
2015-11,7006,0.6739638447761536,1.097499132156372,0.7624173651944373
2019-11,7457,0.6607082486152649,1.0838403701782227,0.7722613399950226
