years,samples,r,r_squared,rmse,mae,bias
2014-2020,672679,0.8499710848090575,0.7224508450114859,0.00039895889737752953,0.000299055073454104,0.00028294102418048486
