month,n,bias,rmse,r2
2015-11,21620,5.459671956487e-05,0.00591233791783452,0.7240963482198286
2019-11,21620,2.690495239221491e-05,0.006990262307226658,0.6492448374994315
